{"onset": [0.06965986394557823], "beats": [0.06965986394557823]}